task_type,complexity,team_size,dependency_count,is_external,optimistic,most_likely,pessimistic,pert_expected,pert_variance,actual_duration
design,high,7,4,0,1.14,4.62,5.79,4.23,0.6016,7.07
deployment,high,1,4,1,3.73,8.16,13.25,8.27,2.5166,17.85
review,medium,3,5,0,4.8,5.81,12.37,6.73,1.5903,7.34
testing,high,4,5,0,4.32,9.19,14.33,9.23,2.7849,14.78
testing,low,6,4,1,2.11,7.42,9.59,6.9,1.5562,7.44
research,high,1,2,1,1.21,5.62,10.19,5.65,2.24,13.16
design,high,4,3,0,4.76,8.74,13.45,8.86,2.0949,16.64
deployment,medium,2,2,1,4.75,10.61,13.3,10.08,2.0302,16.46
development,high,6,3,0,3.13,8.22,16.02,8.67,4.6189,15.7
design,medium,5,4,0,3.57,6.24,10.13,6.44,1.1958,7.93
review,low,4,2,0,2.85,9.6,15.91,9.53,4.7345,7.4
research,high,3,3,1,2.68,7.92,13.56,7.99,3.2913,20.35
deployment,low,2,0,1,1.48,8.41,17.3,8.73,6.9559,10.94
deployment,low,7,4,0,1.39,8.21,10.31,7.43,2.213,7.62
deployment,medium,5,2,0,1.93,8.44,10.47,7.7,2.0267,9.48
deployment,high,3,2,0,4.35,9.88,13.58,9.57,2.3691,14.83
review,medium,3,3,0,1.58,6.24,11.12,6.28,2.5268,5.62
design,medium,6,1,0,1.91,3.94,7.63,4.22,0.9088,5.65
research,low,6,3,0,3.19,7.45,15.32,8.06,4.0863,9.46
testing,low,4,4,1,1.86,7.45,10.66,7.06,2.1509,6.59
review,low,3,2,0,1.65,5.78,7.54,5.38,0.9631,3.69
testing,low,5,0,0,3.25,9.46,14.19,9.22,3.3207,7.66
development,high,5,2,1,2.47,4.13,12.09,5.18,2.5698,11.75
research,high,5,1,0,3.5,6.79,15.45,7.69,3.9606,15.92
deployment,high,1,2,0,4.65,8.68,16.28,9.28,3.7609,17.71
review,low,4,3,0,1.6,5.2,11.22,5.6,2.568,3.61
testing,low,5,0,0,4.65,6.31,13.82,7.28,2.3354,6.58
deployment,low,7,4,0,4.61,6.53,13.66,7.4,2.2769,8.41
review,medium,4,1,1,4.32,10.34,13.45,9.86,2.318,10.22
testing,medium,3,5,0,3.53,7.43,13.39,7.77,2.7023,8.01
testing,medium,4,4,1,3.48,4.77,12.71,5.88,2.3654,7.71
development,low,2,1,1,3.56,4.66,8.51,5.11,0.6815,6.72
design,high,1,3,0,3.76,7.6,14.49,8.11,3.1961,15.45
review,low,5,0,0,1.07,3.05,8.39,3.61,1.4882,2.07
research,low,7,0,0,4.83,10.06,15.59,10.11,3.2156,12.07
design,high,6,5,0,3.34,9.11,10.92,8.45,1.597,13.99
research,high,5,4,1,4.13,6.5,13.49,7.27,2.4366,19.91
deployment,low,1,0,1,2.51,7.06,15.85,7.77,4.9464,9.41
development,medium,7,1,0,1.05,2.98,5.25,3.03,0.4899,4.49
review,high,4,1,0,3.04,5.86,10.16,6.11,1.4068,6.55
design,high,3,2,0,3.03,9.36,10.8,8.55,1.6774,15.25
deployment,high,7,1,1,2.75,7.01,8.28,6.51,0.8499,12.42
deployment,medium,6,1,1,2.36,8.67,18.58,9.27,7.31,10.76
testing,medium,6,3,0,2.0,4.35,9.79,4.87,1.6869,5.64
design,high,2,1,0,3.11,6.09,10.29,6.29,1.4319,10.75
research,low,7,5,0,2.5,6.33,9.8,6.27,1.4801,9.08
testing,low,4,4,0,4.88,8.76,18.58,9.75,5.2141,8.3
research,medium,4,4,0,1.69,8.68,11.95,8.06,2.9219,14.81
deployment,high,6,1,0,2.28,3.97,11.5,4.94,2.3603,7.09
deployment,low,5,4,0,2.18,8.29,11.84,7.86,2.5951,9.06
deployment,medium,2,5,0,3.17,9.36,10.99,8.6,1.6972,12.31
development,medium,3,1,0,3.0,7.32,14.47,7.79,3.6536,10.95
testing,medium,3,4,1,3.57,6.64,7.65,6.3,0.4622,7.74
testing,high,7,2,1,4.8,8.92,16.0,9.41,3.4826,14.22
testing,low,6,4,0,2.14,4.9,8.15,4.98,1.0027,4.87
design,high,3,2,0,3.77,9.57,17.28,9.89,5.0697,17.77
review,medium,6,4,1,1.1,5.09,13.02,5.75,3.9451,7.79
design,high,6,0,1,2.05,8.6,16.12,8.76,5.5006,12.71
deployment,medium,3,2,0,2.85,7.59,8.81,7.01,0.9856,9.14
deployment,low,3,1,1,1.12,5.21,12.54,5.75,3.6224,6.05
research,high,7,1,0,3.47,8.74,18.65,9.51,6.399,20.8
deployment,high,4,1,0,3.71,7.74,10.92,7.6,1.4429,11.22
testing,low,2,2,1,3.99,10.41,13.88,9.92,2.7199,9.45
research,high,6,0,1,3.07,5.17,13.49,6.21,3.0209,12.7
testing,high,5,4,1,3.42,10.26,12.7,9.52,2.3941,16.73
development,medium,4,3,0,2.58,8.46,15.4,8.64,4.5642,12.82
research,high,6,4,1,1.17,7.33,15.12,7.6,5.4131,20.78
testing,medium,7,4,0,1.4,5.3,6.63,4.87,0.7604,5.55
design,medium,3,0,1,3.62,9.64,15.63,9.64,4.0047,10.57
testing,low,3,0,0,4.98,7.82,14.01,8.38,2.2618,7.26
deployment,high,2,2,0,1.06,6.63,10.37,6.33,2.4039,10.75
development,low,5,2,1,3.23,5.07,13.96,6.25,3.198,9.37
testing,high,3,1,1,4.0,6.85,9.31,6.78,0.7824,9.76
design,medium,3,4,1,4.31,7.98,12.26,8.08,1.7566,10.3
deployment,medium,5,3,0,3.18,6.11,14.75,7.07,3.7197,9.31
testing,low,3,4,0,3.48,6.8,9.52,6.7,1.0127,7.33
development,high,4,0,1,3.79,9.71,18.1,10.12,5.6906,19.95
development,low,4,4,1,4.44,6.98,8.69,6.84,0.5021,9.83
review,medium,2,1,0,1.49,6.96,12.36,6.95,3.285,5.33
deployment,high,1,2,1,4.7,6.15,7.82,6.19,0.2704,11.74
research,high,6,2,1,1.1,6.7,13.8,6.95,4.4772,14.9
testing,high,1,4,0,4.34,10.1,18.21,10.49,5.3419,14.97
design,high,3,1,1,1.31,4.72,13.37,5.59,4.0394,10.6
deployment,medium,5,1,1,1.78,7.11,16.94,7.86,6.3893,8.89
review,low,1,2,1,1.02,7.51,14.55,7.6,5.0918,7.37
deployment,high,5,2,1,2.78,8.59,16.51,8.94,5.2333,18.65
design,high,6,1,0,2.34,5.68,11.23,6.05,2.1976,10.28
development,high,5,1,1,1.66,5.57,14.78,6.45,4.7814,13.89
deployment,medium,3,1,1,2.8,8.48,15.27,8.67,4.3194,11.84
deployment,low,1,2,1,2.61,5.37,14.32,6.4,3.8074,7.07
testing,medium,7,2,1,4.07,9.89,13.01,9.44,2.2213,11.19
deployment,medium,3,2,0,4.57,7.54,13.01,7.96,1.9783,9.09
research,high,6,4,0,3.61,9.45,17.01,9.73,4.991,23.15
testing,medium,2,1,0,1.5,3.02,5.84,3.24,0.5245,3.49
research,low,2,5,1,2.18,3.45,6.35,3.72,0.4827,7.3
development,low,6,4,1,4.65,11.64,21.44,12.11,7.8292,18.41
development,high,7,1,1,1.35,7.57,12.48,7.35,3.4399,16.37
deployment,high,7,1,0,2.63,8.92,11.56,8.31,2.2168,13.15
review,low,6,1,1,4.77,11.48,15.46,11.02,3.1748,8.62
design,medium,2,1,0,4.8,8.43,13.01,8.59,1.8706,10.39
deployment,medium,7,2,0,2.64,5.37,11.97,6.01,2.4174,7.31
development,medium,5,0,1,3.67,5.45,14.76,6.7,3.4147,9.9
deployment,high,2,0,0,2.83,6.83,16.71,7.81,5.3566,10.84
design,low,1,2,0,4.01,6.33,13.2,7.09,2.3437,6.65
deployment,low,7,4,0,1.13,7.74,15.04,7.85,5.3767,9.8
deployment,low,2,1,0,1.58,2.6,6.5,3.08,0.6725,3.44
deployment,low,6,5,0,3.46,5.32,14.03,6.46,3.1056,7.11
review,high,1,2,1,1.93,4.41,7.37,4.49,0.8218,6.54
testing,high,2,5,1,3.66,5.86,7.82,5.82,0.4787,10.16
deployment,low,2,1,0,2.4,4.76,14.52,5.99,4.0763,6.16
development,medium,2,3,0,4.55,9.48,18.26,10.12,5.2239,16.61
deployment,low,5,4,0,4.28,7.24,10.97,7.37,1.2462,9.34
review,low,7,0,0,2.97,7.66,14.74,8.06,3.846,5.92
testing,low,7,5,1,4.09,10.43,15.64,10.24,3.7022,14.16
review,low,6,2,0,2.08,6.7,10.61,6.58,2.0181,4.58
review,medium,2,2,0,2.98,8.14,11.73,7.88,2.1258,6.25
design,high,7,3,0,1.79,4.98,7.21,4.82,0.8152,7.64
design,medium,4,3,0,4.44,6.4,12.35,7.07,1.7346,8.71
development,high,4,0,0,4.29,7.22,12.24,7.57,1.7525,9.76
design,medium,5,5,0,4.61,11.39,17.0,11.2,4.2679,15.08
testing,low,6,3,1,4.51,9.24,12.18,8.94,1.6337,9.03
deployment,low,7,5,1,4.84,7.5,16.95,8.63,4.0754,13.08
review,low,5,2,1,1.91,5.62,12.37,6.13,3.035,5.46
testing,low,5,3,0,4.73,10.74,19.84,11.25,6.3416,9.82
research,high,6,2,1,3.28,8.3,10.28,7.79,1.3588,15.42
review,high,2,5,1,2.69,7.05,13.66,7.43,3.3425,12.37
design,high,3,4,0,3.24,9.55,18.2,9.94,6.2135,16.35
deployment,medium,5,5,0,2.37,7.41,11.38,7.23,2.2565,9.88
review,medium,1,3,1,2.15,7.01,9.77,6.66,1.6098,5.48
review,medium,3,4,0,1.97,4.1,7.49,4.31,0.8476,3.69
review,medium,6,2,0,1.33,2.97,6.42,3.27,0.721,2.66
review,high,7,2,1,2.99,9.78,14.8,9.48,3.878,13.05
design,high,4,4,1,4.55,9.14,13.08,9.03,2.0196,16.76
review,high,3,0,1,3.52,7.01,10.46,7.01,1.3362,8.25
deployment,medium,4,4,1,3.08,7.62,14.45,8.0,3.5915,11.14
development,low,5,0,1,2.71,4.09,5.56,4.1,0.2253,5.1
review,high,4,3,1,2.86,8.79,12.85,8.48,2.7756,12.63
design,medium,1,2,0,1.84,4.14,11.34,4.95,2.511,6.24
testing,high,4,2,1,4.29,10.12,12.7,9.58,1.9646,15.56
testing,medium,3,2,1,1.79,6.0,8.99,5.8,1.4378,5.89
research,high,5,2,1,3.87,6.53,9.33,6.55,0.8297,14.0
development,medium,7,2,1,4.04,5.22,6.23,5.19,0.1332,7.88
development,high,7,2,0,3.3,9.19,14.46,9.09,3.4589,16.19
testing,high,5,3,0,4.45,6.51,7.86,6.39,0.3229,9.5
research,low,3,4,0,2.16,3.48,6.93,3.83,0.6313,6.25
research,medium,4,3,0,4.53,10.06,20.01,10.8,6.6637,18.8
design,medium,2,3,0,3.92,7.02,16.28,8.05,4.2476,9.17
development,high,7,5,1,4.19,7.53,10.47,7.46,1.0926,15.7
deployment,high,6,5,1,3.66,6.14,9.93,6.36,1.0929,14.9
design,high,6,0,0,4.39,10.54,15.71,10.38,3.5648,14.17
research,medium,3,4,0,4.97,7.76,16.36,8.73,3.5997,15.9
development,medium,3,1,1,2.68,4.94,13.17,5.94,3.0537,8.82
research,medium,6,1,1,4.26,7.11,9.25,6.99,0.6921,10.15
development,high,4,4,1,3.98,6.2,8.32,6.18,0.523,12.48
testing,low,5,0,0,2.81,5.72,10.47,6.02,1.6284,4.97
review,medium,4,5,0,4.71,6.21,15.04,7.43,2.9633,7.26
design,low,4,4,1,2.58,4.53,13.47,5.69,3.2942,7.32
review,high,5,5,0,3.26,6.76,8.73,6.51,0.8307,8.15
review,medium,6,4,0,1.42,7.7,13.87,7.68,4.3025,7.83
deployment,medium,3,5,0,1.9,3.25,5.65,3.42,0.3895,4.9
research,medium,6,0,0,4.36,6.64,13.81,7.46,2.4813,10.61
review,medium,2,5,0,2.59,9.04,18.28,9.5,6.8452,9.84
testing,high,3,0,1,2.58,8.92,14.01,8.71,3.6309,11.36
testing,medium,7,1,0,1.98,7.06,8.81,6.51,1.2937,5.91
testing,medium,7,0,1,2.97,5.41,11.62,6.04,2.0813,5.14
deployment,low,7,2,1,4.22,7.74,12.42,7.94,1.8657,10.37
development,low,3,4,0,4.58,6.85,15.15,7.85,3.1008,8.8
development,medium,6,1,0,1.28,3.05,7.12,3.43,0.9456,4.57
testing,high,7,4,1,3.3,6.58,15.45,7.51,4.1034,13.79
design,high,7,3,1,2.87,7.32,10.79,7.16,1.7416,14.91
design,medium,1,3,0,3.46,6.62,9.03,6.49,0.864,7.22
design,medium,6,5,0,2.79,7.45,11.21,7.3,1.9709,9.98
deployment,medium,7,2,1,2.59,5.37,6.69,5.13,0.4651,8.71
deployment,low,6,2,0,2.89,5.96,9.49,6.04,1.2123,7.61
deployment,low,2,5,0,3.33,9.07,16.01,9.27,4.4698,12.45
testing,medium,6,3,0,3.0,9.27,11.55,8.61,2.0308,9.72
deployment,low,1,3,0,2.89,5.82,7.82,5.67,0.6764,5.73
design,low,4,1,1,4.27,8.7,10.89,8.33,1.2176,10.08
research,low,5,1,0,3.98,6.65,8.35,6.49,0.5297,7.98
review,low,4,1,0,2.37,3.69,12.56,4.94,2.8853,3.73
research,medium,5,1,1,4.2,9.63,19.13,10.31,6.187,16.32
design,high,2,1,0,4.41,6.44,7.86,6.34,0.3297,9.71
testing,high,5,4,0,1.61,5.17,13.01,5.88,3.6068,9.2
deployment,medium,5,0,1,3.33,7.25,14.89,7.87,3.7099,10.67
testing,medium,5,3,0,2.14,4.25,14.22,5.56,4.0528,6.37
testing,low,3,5,1,3.96,5.52,9.65,5.95,0.9019,6.51
design,low,3,4,0,1.96,5.04,8.61,5.12,1.2312,4.98
testing,medium,2,2,0,3.69,10.4,15.48,10.13,3.8622,12.3
development,medium,4,0,0,2.02,6.71,15.42,7.38,4.9878,11.52
development,low,5,5,1,3.04,6.33,13.89,7.04,3.2675,11.24
deployment,medium,3,0,0,4.79,6.03,11.27,6.7,1.1657,6.68
review,low,3,4,0,2.53,7.13,10.33,6.89,1.6912,5.19
review,low,3,4,1,4.5,6.06,13.6,7.05,2.2986,6.96
testing,high,2,1,0,4.95,9.2,17.89,9.94,4.6555,15.18
research,medium,5,4,1,4.5,10.01,14.61,9.86,2.8399,16.74
design,medium,6,1,0,1.66,5.2,12.22,5.78,3.0969,6.6
testing,high,3,1,1,4.28,7.08,11.68,7.38,1.5204,11.65
design,high,7,4,0,1.13,2.41,7.72,3.08,1.2066,5.97
testing,high,4,5,1,2.57,3.72,9.45,4.48,1.3121,7.98
research,medium,2,1,0,4.48,8.06,16.04,8.8,3.7131,10.91
testing,high,3,5,1,3.76,10.06,19.85,10.64,7.1982,20.83
research,medium,1,5,1,3.13,5.6,10.59,6.02,1.5474,13.47
testing,high,1,4,0,2.55,7.0,11.08,6.94,2.0188,10.59
deployment,high,3,0,0,4.25,9.36,13.72,9.23,2.4902,14.91
testing,medium,4,1,0,3.84,5.2,7.41,5.34,0.354,5.08
development,high,6,4,1,2.87,4.79,8.46,5.08,0.8683,10.84
deployment,medium,1,5,1,4.57,7.56,9.34,7.36,0.6309,13.41
research,high,6,4,1,1.92,6.94,11.79,6.91,2.7069,17.69
development,low,2,2,0,1.68,5.32,7.82,5.13,1.0474,6.29
deployment,high,1,1,1,3.57,8.98,13.09,8.76,2.519,18.89
development,medium,5,5,0,4.89,11.09,19.24,11.42,5.7183,15.96
deployment,high,6,1,1,1.99,7.54,10.75,7.15,2.1333,12.66
deployment,medium,5,2,0,2.0,8.95,15.46,8.88,5.0329,11.41
testing,high,1,5,1,1.56,7.08,16.19,7.68,5.951,13.36
deployment,low,1,3,1,4.44,10.56,16.66,10.55,4.1449,14.71
development,low,3,1,1,1.91,7.9,10.64,7.36,2.1211,9.26
design,medium,4,0,0,3.01,8.39,12.5,8.18,2.4988,8.11
design,high,7,2,0,4.96,10.77,17.09,10.86,4.0832,17.85
testing,high,3,5,1,1.05,7.66,13.22,7.48,4.1125,14.03
research,medium,2,2,0,3.23,7.08,9.41,6.82,1.0639,11.49
design,medium,7,4,0,3.05,7.88,12.9,7.91,2.6956,10.85
testing,medium,2,1,1,4.23,8.32,14.21,8.62,2.7651,10.34
deployment,high,1,4,1,2.42,8.53,11.93,8.08,2.5134,17.86
development,medium,3,4,1,2.64,6.23,12.74,6.72,2.8337,11.37
deployment,medium,3,3,1,1.67,7.59,9.22,6.88,1.5833,9.71
development,high,5,4,0,3.96,9.76,13.79,9.46,2.6817,19.72
deployment,low,7,3,0,4.14,10.91,19.15,11.15,6.2582,12.12
review,high,7,2,1,1.55,4.04,7.37,4.18,0.9432,6.68
review,low,3,4,0,2.57,7.83,14.28,8.03,3.8053,7.43
development,low,7,5,0,4.57,10.11,14.8,9.97,2.908,14.08
testing,high,5,5,0,1.01,7.63,11.48,7.17,3.0426,11.92
research,high,1,1,1,2.2,8.64,17.88,9.1,6.8353,20.59
design,high,7,4,1,3.22,7.66,11.75,7.6,2.0214,13.62
deployment,high,1,0,0,2.34,6.81,9.94,6.59,1.6066,10.01
testing,medium,5,3,0,2.09,4.09,13.28,5.29,3.4766,5.84
deployment,medium,6,3,0,2.84,9.69,17.4,9.83,5.8914,13.3
review,low,2,2,1,1.73,4.26,11.39,5.02,2.5955,4.52
testing,low,2,5,0,3.12,8.47,9.91,7.82,1.2823,8.62
development,low,4,5,1,3.83,9.6,11.78,9.0,1.7581,12.8
review,low,7,0,0,3.3,6.95,13.69,7.46,3.0,4.73
design,medium,2,1,0,1.37,3.64,6.52,3.74,0.7373,4.95
review,high,5,1,0,4.38,6.51,9.54,6.66,0.7409,8.14
design,high,4,5,1,1.7,7.84,15.85,8.15,5.5627,16.72
review,medium,1,3,0,4.06,8.12,11.7,8.04,1.6205,7.32
review,high,5,4,0,2.44,3.98,5.63,4.0,0.2818,5.13
design,high,6,4,0,4.13,9.43,10.76,8.77,1.221,15.68
deployment,high,5,4,0,1.83,4.33,9.31,4.74,1.5582,9.25
testing,medium,2,0,0,1.75,8.01,14.56,8.05,4.56,9.59
deployment,low,2,0,1,2.99,5.85,14.67,6.84,3.7878,7.83
design,high,3,2,0,1.13,3.33,5.33,3.3,0.4897,5.75
development,low,4,2,0,1.9,3.41,6.18,3.62,0.5087,3.52
testing,medium,4,4,0,3.9,7.97,13.73,8.25,2.6882,8.95
development,low,2,0,1,4.35,8.05,12.33,8.15,1.7695,11.18
development,high,4,2,0,1.32,6.83,12.17,6.8,3.2705,13.14
review,medium,3,1,0,4.53,8.32,17.63,9.24,4.7704,4.53
design,low,5,1,0,4.19,7.25,13.16,7.73,2.2335,8.1
deployment,low,6,1,0,4.48,7.05,11.78,7.41,1.4827,9.06
design,medium,5,1,0,3.79,6.46,16.37,7.67,4.3917,7.09
development,medium,1,3,1,3.7,10.26,11.85,9.43,1.8469,17.78
review,high,7,2,0,3.1,5.09,14.48,6.32,3.597,5.43
deployment,low,1,2,0,3.61,10.54,16.06,10.3,4.3015,12.12
development,high,7,2,0,4.68,7.64,13.17,8.07,2.0047,14.96
development,medium,1,4,0,1.4,2.93,12.23,4.23,3.2568,4.85
research,high,4,5,1,2.26,4.76,10.32,5.27,1.8037,14.95
research,low,1,3,1,1.29,2.64,7.59,3.24,1.1012,5.68
review,low,1,3,1,4.78,10.52,13.97,10.14,2.3473,9.45
testing,low,5,4,0,2.78,6.86,13.79,7.33,3.364,7.52
testing,medium,6,4,1,3.7,6.72,12.85,7.24,2.325,9.1
review,high,1,0,0,4.36,9.34,12.27,9.0,1.7342,7.91
review,low,7,5,1,4.96,9.75,17.13,10.18,4.1132,10.64
development,medium,3,0,1,1.65,8.29,15.08,8.31,5.0146,14.04
design,low,3,2,1,4.2,10.97,15.54,10.6,3.5743,13.95
design,high,3,3,1,4.55,9.63,10.67,8.96,1.0417,14.1
research,high,4,2,0,1.2,7.1,12.12,6.95,3.3161,12.27
testing,high,2,1,0,4.02,9.77,10.83,8.99,1.2879,11.08
testing,high,3,5,1,2.42,6.37,8.04,5.99,0.8782,9.28
testing,medium,2,0,0,3.59,8.82,13.7,8.76,2.8349,8.36
deployment,high,1,1,1,3.06,4.53,6.26,4.57,0.2857,8.9
design,low,3,5,1,2.04,7.59,11.07,7.24,2.2646,8.34
design,high,5,4,1,1.54,8.31,15.21,8.33,5.1911,18.4
development,high,6,0,0,1.47,2.98,6.76,3.36,0.7766,6.0
testing,high,3,4,1,1.41,7.43,17.41,8.09,7.1071,13.53
deployment,medium,3,5,0,3.55,10.15,19.4,10.59,6.9736,14.96
testing,high,6,0,0,2.41,4.76,11.03,5.41,2.0664,5.59
testing,medium,5,2,0,1.87,6.02,15.72,6.94,5.3295,7.01
research,low,6,2,1,3.77,10.33,19.15,10.71,6.5701,16.13
design,high,7,0,1,3.75,10.51,14.38,10.03,3.1397,17.41
review,low,6,1,1,3.16,4.92,12.67,5.92,2.5142,5.05
review,low,7,1,1,4.74,7.83,10.07,7.69,0.7878,6.47
testing,medium,3,1,0,2.54,7.73,14.89,8.06,4.2366,7.83
deployment,low,3,2,0,4.34,6.67,12.09,7.19,1.668,7.95
development,high,3,2,1,1.3,4.25,5.4,3.95,0.467,8.1
research,medium,2,1,0,3.96,5.1,8.57,5.49,0.5898,7.99
development,low,6,1,0,4.95,6.87,16.47,8.15,3.6861,9.39
review,high,6,1,1,4.39,8.76,12.6,8.67,1.8753,11.1
review,medium,6,4,1,3.32,8.24,10.87,7.86,1.5841,8.11
research,low,2,1,0,3.51,8.4,11.09,8.03,1.5965,10.56
testing,high,4,5,1,2.41,8.08,13.4,8.02,3.3508,13.97
development,medium,2,3,0,3.72,7.21,15.79,8.06,4.0505,12.03
design,low,7,4,0,4.08,6.72,14.54,7.59,3.0409,8.54
testing,high,2,3,0,4.99,6.09,11.02,6.73,1.0084,9.62
deployment,medium,2,1,1,2.97,5.21,8.09,5.32,0.7277,7.14
design,high,4,3,0,1.25,4.12,5.53,3.88,0.511,6.28
research,high,7,1,0,3.38,5.45,10.62,5.97,1.4532,9.89
review,medium,7,0,1,1.48,2.6,10.93,3.8,2.4826,3.63
design,high,1,1,1,1.98,3.92,11.49,4.86,2.5132,8.92
development,low,3,1,1,2.32,7.31,11.99,7.26,2.5996,10.1
review,low,2,0,1,3.92,8.7,15.05,8.96,3.4409,6.64
development,medium,3,0,1,1.74,8.35,13.28,8.07,3.6994,13.8
design,high,4,5,1,1.66,7.45,13.66,7.52,4.0001,15.45
review,medium,2,3,1,1.18,5.59,11.24,5.79,2.8135,5.59
deployment,medium,1,2,1,4.49,6.32,13.45,7.2,2.2271,9.44
design,high,4,5,0,3.77,8.16,13.73,8.36,2.7522,12.82
development,high,1,1,0,1.16,2.53,11.99,3.88,3.2611,7.93
development,high,2,2,1,1.11,4.7,9.55,4.91,1.9776,11.92
review,low,1,5,0,3.23,6.58,7.72,6.21,0.5587,5.6
deployment,high,1,3,1,2.13,5.7,8.82,5.62,1.2448,10.51
deployment,medium,4,2,0,3.39,6.07,11.57,6.54,1.8607,9.77
research,medium,6,1,1,2.74,7.85,13.72,7.98,3.349,13.01
deployment,medium,6,0,0,4.69,10.74,16.71,10.73,4.0114,12.0
development,low,1,0,1,2.15,7.76,15.19,8.07,4.7249,11.27
design,low,1,0,0,3.72,8.48,11.95,8.27,1.8853,8.24
review,medium,3,4,0,1.22,5.45,12.43,5.91,3.4933,6.92
research,high,5,3,0,4.82,6.01,13.35,7.03,2.0177,15.67
research,high,6,2,1,4.92,10.26,14.96,10.15,2.7996,22.44
development,low,6,4,0,3.96,8.23,12.85,8.28,2.195,9.92
development,high,3,0,1,2.86,5.49,8.1,5.48,0.7612,8.68
design,low,2,1,0,1.88,4.85,9.57,5.14,1.6439,4.91
design,high,1,2,0,4.25,10.86,18.95,11.11,5.9984,20.22
review,medium,2,5,1,3.95,8.69,17.87,9.43,5.3878,11.49
review,medium,1,3,0,1.89,5.74,12.09,6.16,2.8889,5.68
testing,high,7,5,0,2.8,7.53,11.22,7.36,1.9693,10.62
development,medium,2,1,1,2.85,6.33,13.47,6.94,3.1347,10.72
deployment,high,6,5,1,4.31,8.13,15.79,8.77,3.6624,21.55
testing,medium,4,0,1,3.74,6.48,10.47,6.69,1.2588,7.62
deployment,high,4,1,0,3.57,7.21,15.65,8.01,4.0522,13.28
research,medium,4,3,1,3.6,8.71,10.38,8.14,1.2757,13.87
development,low,6,0,0,2.08,3.32,4.42,3.3,0.1516,3.81
development,high,1,5,1,2.49,8.26,10.36,7.65,1.7235,12.74
research,medium,1,5,1,1.18,3.88,6.28,3.83,0.7231,8.01
review,medium,3,3,0,4.15,9.24,18.15,9.88,5.4489,11.42
development,low,3,1,0,2.73,7.59,12.41,7.58,2.6035,7.18
review,low,4,0,0,2.75,7.67,11.14,7.43,1.9554,4.93
review,medium,6,3,0,1.98,6.63,11.49,6.67,2.5125,6.13
research,low,5,3,0,1.84,8.59,13.15,8.23,3.5521,10.74
development,high,2,4,1,3.35,7.4,11.11,7.35,1.6741,16.67
research,high,3,3,0,1.93,7.32,9.57,6.8,1.6193,14.35
research,high,6,0,0,1.26,6.49,13.39,6.77,4.0911,12.99
development,high,2,0,1,4.07,6.49,8.72,6.46,0.5999,13.08
design,medium,4,4,0,2.51,5.21,13.18,6.09,3.1676,8.05
review,low,4,0,1,2.52,6.07,8.88,5.94,1.1234,6.13
design,medium,6,5,1,2.73,5.39,12.97,6.21,2.9176,9.97
development,medium,6,0,1,4.26,7.46,15.71,8.3,3.6422,12.17
testing,high,4,4,0,2.28,5.63,7.76,5.43,0.8323,6.92
research,low,3,5,0,4.03,8.66,10.44,8.18,1.1392,11.51
research,medium,3,2,1,4.76,7.08,16.62,8.28,3.9108,16.35
design,medium,3,0,1,3.64,9.47,14.64,9.36,3.3569,10.26
research,low,2,5,0,2.73,6.35,13.02,6.86,2.9454,8.0
design,low,5,1,1,3.99,9.23,10.44,8.56,1.1545,9.69
deployment,medium,2,3,1,2.83,4.32,7.83,4.66,0.6936,8.05
research,low,5,5,0,2.66,6.48,12.03,6.77,2.438,10.11
research,low,6,4,1,3.1,4.27,13.25,5.57,2.8591,8.84
development,medium,7,0,0,2.27,7.33,10.77,7.06,2.0062,7.18
research,low,1,4,1,1.42,4.48,12.46,5.3,3.385,9.09
design,medium,6,0,1,2.66,9.35,16.31,9.4,5.1797,12.68
review,low,1,4,1,1.5,4.44,6.48,4.29,0.6895,3.31
testing,low,3,3,0,2.64,7.02,10.66,6.9,1.7881,7.14
development,medium,2,1,0,3.23,5.77,8.91,5.87,0.8978,8.3
design,high,2,2,1,4.72,9.44,14.43,9.49,2.6155,19.84
deployment,medium,2,0,1,1.14,4.95,11.67,5.43,3.0743,7.6
testing,high,1,5,1,3.49,6.71,11.61,6.99,1.8336,13.73
review,medium,6,1,0,2.83,5.05,8.25,5.22,0.8169,4.61
testing,medium,1,1,0,1.08,2.75,10.01,3.68,2.2161,3.99
testing,medium,3,3,1,2.0,3.72,9.98,4.47,1.7687,4.6
research,high,5,4,0,1.47,8.47,14.14,8.25,4.4578,15.9
design,high,7,3,1,1.87,5.34,11.33,5.76,2.4878,10.48
deployment,high,6,3,0,2.1,3.11,6.11,3.44,0.4464,6.06
deployment,high,1,3,0,2.61,9.32,16.45,9.39,5.3218,17.42
testing,medium,7,5,0,3.12,4.24,8.72,4.8,0.8734,5.88
development,medium,5,2,1,1.0,4.52,8.79,4.64,1.6825,8.16
design,high,2,4,1,1.65,6.95,9.3,6.46,1.6267,13.95
research,low,4,4,0,1.37,7.86,14.23,7.84,4.5933,10.22
research,medium,7,5,0,3.2,8.48,14.9,8.67,3.8033,15.53
development,high,3,5,1,2.32,6.1,10.16,6.14,1.7093,13.64
design,medium,2,4,0,3.19,10.04,18.78,10.36,6.7473,13.41
design,low,7,1,1,1.89,3.12,11.73,4.35,2.6924,5.07
design,medium,7,4,0,1.1,8.02,10.0,7.19,2.2017,6.26
deployment,low,7,4,0,4.77,10.86,18.12,11.05,4.9519,16.09
research,high,7,1,0,1.43,8.01,12.55,7.67,3.4337,16.08
design,high,7,4,1,1.51,4.04,14.03,5.28,4.3584,10.18
deployment,low,4,1,0,1.59,3.44,6.47,3.64,0.6615,4.45
development,medium,2,3,1,4.93,9.9,13.43,9.66,2.0091,15.42
testing,high,5,4,0,3.47,7.57,12.54,7.71,2.2872,12.03
review,high,2,1,0,3.44,7.58,11.0,7.46,1.5865,8.05
deployment,low,4,2,1,4.95,11.49,18.72,11.61,5.2714,16.72
research,medium,5,4,1,1.35,6.07,11.4,6.18,2.8049,11.81
design,medium,7,2,0,4.9,7.76,10.75,7.78,0.952,9.56
development,medium,3,5,0,1.82,5.22,10.77,5.58,2.2289,9.76
development,low,2,0,0,3.49,5.29,14.29,6.49,3.24,7.3
development,low,6,4,1,2.68,4.83,12.97,5.83,2.9386,8.5
research,high,1,4,0,2.54,4.4,9.89,5.0,1.5004,12.6
deployment,low,4,5,0,4.72,10.59,14.18,10.21,2.4849,15.64
development,low,6,0,0,1.6,6.83,9.45,6.39,1.711,7.01
research,low,4,5,1,4.99,9.17,18.08,9.96,4.7579,17.23
testing,low,3,2,0,2.52,5.76,13.15,6.45,3.1434,5.83
review,low,6,2,1,3.6,8.61,14.76,8.8,3.4599,8.56
testing,medium,3,2,0,4.87,10.75,19.66,11.26,6.0782,11.06
design,high,5,3,0,1.23,7.52,9.61,6.82,1.9519,11.32
research,low,4,3,0,4.69,8.97,16.12,9.45,3.6255,10.94
design,low,1,2,0,3.27,9.19,12.14,8.7,2.1853,7.88
development,low,4,0,0,3.82,7.89,9.97,7.55,1.0517,7.61
development,medium,1,5,1,1.6,5.44,10.63,5.67,2.2689,10.13
development,low,7,1,0,3.13,9.33,13.81,9.04,3.1679,11.87
design,high,5,0,1,3.69,7.01,16.48,8.04,4.5432,14.46
design,medium,3,3,0,2.82,6.2,10.12,6.29,1.4767,7.23
deployment,high,4,2,0,1.62,4.45,12.78,5.37,3.4618,8.5
research,medium,5,3,0,1.98,6.09,13.83,6.69,3.9017,12.26
design,medium,2,5,0,4.42,8.69,15.7,9.14,3.5347,13.99
development,high,3,0,1,1.14,6.1,15.38,6.82,5.6378,13.27
review,medium,3,1,0,3.84,7.42,12.09,7.6,1.8926,6.1
research,high,2,3,1,5.0,7.3,11.81,7.67,1.2898,17.72
deployment,high,6,4,1,1.03,7.23,9.68,6.61,2.0782,12.75
deployment,medium,1,3,1,1.64,4.72,8.2,4.79,1.1946,7.57
review,high,6,2,0,3.7,10.23,19.15,10.63,6.6355,15.5
testing,low,3,3,0,1.24,3.48,8.75,3.99,1.5682,3.78
development,high,4,5,1,3.36,7.72,11.79,7.67,1.9752,17.17
research,high,2,2,0,3.74,7.96,10.9,7.74,1.4259,16.35
deployment,high,3,5,0,3.35,9.32,14.69,9.22,3.5699,17.06
design,low,6,4,1,2.46,4.29,11.74,5.23,2.3938,5.81
deployment,high,2,1,1,3.79,10.25,13.83,9.77,2.8,19.6
design,medium,1,1,1,3.38,7.57,15.39,8.17,4.0053,12.07
deployment,low,4,4,0,1.83,6.35,13.02,6.71,3.475,7.62
deployment,low,2,1,1,3.25,7.31,15.4,7.98,4.1,9.07
design,medium,3,2,0,4.53,5.74,9.0,6.08,0.5561,6.65
testing,low,4,1,1,3.67,7.65,14.33,8.1,3.1576,7.78
design,low,4,3,1,2.89,5.47,7.85,5.44,0.6847,6.34
review,medium,5,1,1,2.29,5.34,9.62,5.55,1.4926,4.82
research,medium,5,3,1,1.34,6.24,13.76,6.68,4.2807,14.7
design,low,6,5,0,1.98,5.96,12.65,6.41,3.1632,7.85
testing,high,1,4,0,1.04,2.6,5.29,2.79,0.5017,4.54
research,high,3,5,0,4.95,6.38,15.11,7.6,2.8693,19.54
development,medium,1,0,0,1.89,4.0,5.48,3.9,0.3588,5.25
design,high,1,2,1,4.26,6.4,12.76,7.11,2.008,12.8
testing,medium,2,1,0,1.67,6.32,16.18,7.19,5.8437,7.37
review,low,5,5,1,2.13,4.2,9.98,4.82,1.7119,4.59
review,low,7,4,0,2.67,8.96,17.17,9.28,5.8373,7.91
development,high,6,1,0,2.3,4.56,10.91,5.24,2.0617,9.6
research,high,5,3,0,4.19,5.74,13.79,6.82,2.5571,14.26
review,high,6,3,1,4.83,11.09,17.99,11.19,4.8069,13.86
development,low,2,2,1,4.5,7.27,14.49,8.01,2.7734,10.93
research,low,6,2,1,1.61,5.17,8.22,5.08,1.211,7.5
research,low,7,0,0,4.11,10.86,18.54,11.01,5.7845,10.63
testing,low,1,2,0,1.59,8.26,11.4,7.67,2.6718,7.16
design,low,4,2,1,4.65,9.94,19.77,10.7,6.3464,13.88
review,medium,6,4,1,3.07,4.49,7.54,4.76,0.5535,6.58
review,low,4,5,0,2.35,6.91,10.04,6.67,1.6428,5.45
design,high,6,4,1,1.63,8.56,17.29,8.86,6.8143,17.18
review,medium,7,0,0,1.05,7.73,10.92,7.15,2.7051,5.08
research,low,4,5,0,1.99,3.63,7.88,4.06,0.9618,6.17
design,medium,1,2,1,4.66,8.03,15.46,8.71,3.2445,12.36
deployment,high,3,2,0,4.19,7.08,9.51,7.0,0.7868,10.99
design,low,2,5,0,4.88,6.66,9.09,6.77,0.4923,7.77
deployment,low,4,5,1,1.4,6.57,11.95,6.61,3.0894,7.45
testing,low,5,0,1,3.37,6.01,9.21,6.1,0.9462,6.19
design,high,4,2,0,2.03,5.1,8.22,5.11,1.0644,7.7
research,low,2,4,0,3.17,4.71,5.8,4.64,0.1915,6.6
design,medium,3,3,1,2.28,6.27,10.6,6.33,1.9237,7.89
review,medium,5,1,1,2.13,4.08,7.95,4.4,0.9387,4.0
development,high,1,3,1,3.3,6.89,8.17,6.5,0.6596,12.25
research,low,2,5,1,1.73,3.59,10.18,4.38,1.9839,7.49
deployment,high,7,1,0,2.88,9.6,16.24,9.59,4.9603,16.38
deployment,high,1,4,1,3.6,5.47,7.11,5.43,0.3417,10.67
testing,medium,3,4,0,1.51,5.64,9.5,5.6,1.771,6.85
testing,low,2,5,0,4.72,6.9,15.76,8.02,3.3838,8.87
review,high,1,1,1,3.02,4.48,10.72,5.28,1.6459,7.88
deployment,low,3,1,0,4.28,6.49,11.2,6.91,1.3308,7.49
research,medium,4,3,1,3.62,4.94,10.13,5.59,1.1789,10.31
design,medium,2,3,0,3.84,5.68,8.55,5.85,0.6165,8.15
review,low,1,2,1,3.86,7.83,16.13,8.55,4.1806,8.14
design,medium,1,4,1,4.5,9.41,18.64,10.13,5.5515,16.38
development,low,5,4,0,3.45,4.98,14.17,6.26,3.1922,6.82
deployment,low,7,1,0,2.11,5.76,8.77,5.65,1.2327,5.31
development,low,2,4,1,1.4,5.89,9.68,5.77,1.9063,8.23
deployment,low,3,1,0,3.43,5.83,8.28,5.84,0.6537,6.46
testing,medium,3,2,0,1.27,4.5,8.26,4.59,1.3601,4.78
development,high,3,0,0,1.97,3.4,7.39,3.82,0.8179,7.19
testing,low,2,2,1,1.24,3.56,10.26,4.29,2.2594,4.96
review,low,1,5,0,3.2,7.0,9.7,6.81,1.1763,6.49
deployment,low,4,2,1,1.64,8.58,17.86,8.97,7.3055,12.43
review,medium,3,4,0,3.44,10.42,12.35,9.58,2.203,8.24
research,low,3,0,0,4.16,11.04,12.1,10.07,1.751,12.56
research,medium,2,3,0,4.29,7.83,16.52,8.69,4.1569,13.13
deployment,low,7,2,1,2.24,3.72,11.06,4.7,2.1599,4.85
review,low,5,4,0,3.2,6.14,10.34,6.35,1.416,5.03
development,medium,3,5,0,3.25,5.68,12.04,6.33,2.1442,11.21
testing,medium,2,3,1,2.89,3.98,6.99,4.3,0.4662,5.65
design,medium,6,0,0,3.62,5.19,7.71,5.35,0.464,7.07
testing,high,7,2,0,1.84,5.56,10.8,5.81,2.2298,8.35
research,medium,1,0,0,4.92,7.95,12.13,8.15,1.4467,14.19
testing,high,7,2,0,1.39,3.47,10.01,4.22,2.0636,6.05
design,medium,5,0,1,4.32,9.61,12.58,9.22,1.8952,11.7
review,low,1,3,1,3.38,6.52,13.49,7.16,2.8387,5.61
research,low,6,1,1,1.98,8.09,15.99,8.39,5.4545,13.39
research,low,1,1,1,3.98,6.43,8.93,6.44,0.6794,8.79
development,medium,1,0,0,1.34,5.57,6.96,5.1,0.8789,5.96
testing,low,1,5,0,4.1,6.2,11.16,6.68,1.385,7.6
review,high,4,5,0,3.36,7.33,15.3,8.0,3.9588,12.05
development,medium,5,4,1,1.44,3.36,10.21,4.18,2.1374,8.03
development,high,3,0,0,1.32,3.29,10.6,4.18,2.3955,6.8
development,high,1,2,1,4.0,8.68,13.3,8.67,2.4019,18.41
research,medium,2,5,0,2.17,4.75,7.87,4.84,0.9016,8.42
deployment,low,6,3,1,4.56,6.59,12.38,7.22,1.6988,10.06
research,high,7,0,0,4.05,10.63,13.47,10.0,2.4638,20.2
deployment,low,6,0,1,3.79,5.05,12.59,6.1,2.1482,7.11
research,low,1,1,1,2.11,6.51,9.28,6.24,1.4255,10.73
design,high,6,5,1,3.84,8.13,11.75,8.01,1.7384,17.62
research,medium,5,1,0,4.79,7.3,12.86,7.81,1.8057,11.2
design,low,4,5,0,1.37,5.08,10.46,5.36,2.2988,6.78
testing,medium,2,4,1,2.3,3.83,10.24,4.64,1.7486,7.13
review,medium,7,5,0,1.94,7.27,12.2,7.2,2.9267,8.64
testing,high,4,4,1,2.57,4.9,14.18,6.06,3.7413,12.0
design,high,1,1,1,3.97,6.13,14.69,7.2,3.192,12.94
development,low,2,4,1,2.9,5.79,14.7,6.79,3.8686,9.74
deployment,low,3,1,1,3.28,9.7,16.36,9.74,4.7523,12.16
development,medium,1,1,1,2.26,8.04,14.75,8.19,4.336,14.43
development,low,3,1,0,1.57,8.25,14.73,8.21,4.8137,9.56
research,low,4,0,0,2.07,6.98,11.89,6.98,2.6818,8.68
design,low,7,0,0,4.44,9.42,13.32,9.24,2.1887,8.68
research,low,1,1,0,3.41,7.29,13.62,7.7,2.8947,9.3
research,high,5,0,1,2.51,8.94,10.17,8.08,1.6303,15.26
review,low,7,2,0,4.16,8.22,9.29,7.73,0.7317,5.86
design,low,6,0,0,1.26,4.39,13.05,5.31,3.8646,5.82
design,high,7,0,1,2.02,6.86,8.28,6.29,1.0886,10.48
development,low,2,5,1,1.92,6.2,11.92,6.44,2.7778,9.89
review,high,6,0,0,4.94,6.69,13.22,7.48,1.9039,7.38
design,low,7,0,1,3.82,7.18,9.96,7.09,1.0472,8.16
testing,low,3,0,0,3.47,6.35,15.41,7.38,3.9611,6.78
design,low,4,0,1,1.02,7.1,9.81,6.54,2.1471,8.17
review,high,4,3,1,1.74,5.01,13.97,5.96,4.1573,8.68
design,medium,4,4,1,3.54,9.47,17.34,9.79,5.2871,15.72
deployment,medium,3,4,1,2.52,6.17,9.34,6.09,1.2924,9.52
design,low,7,3,1,4.7,10.22,12.57,9.69,1.7238,12.62
development,low,7,0,1,4.06,5.87,9.72,6.21,0.8892,7.83
development,medium,3,4,1,2.79,9.34,13.92,9.01,3.4407,15.63
deployment,low,6,0,0,4.0,7.88,11.09,7.77,1.3985,7.7
design,medium,3,3,1,4.9,7.46,17.45,8.7,4.3742,13.23
testing,high,6,2,1,2.84,5.29,8.36,5.4,0.8451,8.5
review,high,5,5,1,3.57,6.16,14.64,7.14,3.4017,10.82
review,medium,4,1,1,4.67,7.88,10.31,7.75,0.8812,8.76
deployment,low,1,3,1,1.99,7.3,17.12,8.05,6.3565,13.23
deployment,low,5,2,0,4.55,11.24,14.27,10.63,2.6284,10.06
testing,high,3,3,0,1.39,6.4,11.2,6.37,2.6729,8.21
deployment,medium,2,5,0,3.59,7.88,13.9,8.17,2.9527,10.62
development,medium,2,4,1,4.13,7.82,9.91,7.55,0.9261,12.9
research,medium,7,2,1,3.46,9.43,17.78,9.82,5.6966,18.96
review,low,1,2,0,2.98,9.08,12.55,8.64,2.5441,6.85
deployment,high,6,4,0,3.47,6.23,12.17,6.76,2.1033,12.81
research,high,7,2,1,1.61,8.33,14.27,8.2,4.4572,20.64
deployment,high,1,1,1,1.86,5.23,11.66,5.74,2.6648,10.02
research,high,5,2,1,2.08,7.88,9.38,7.16,1.4802,14.07
review,low,5,0,0,3.39,10.19,12.71,9.48,2.4121,6.43
design,low,3,1,0,2.77,7.99,10.44,7.53,1.6353,6.22
testing,low,5,2,0,1.98,3.95,7.67,4.24,0.8986,3.33
development,high,3,4,0,4.53,9.05,11.35,8.68,1.2924,15.6
research,medium,4,4,1,2.5,4.21,13.51,5.47,3.3672,11.38
development,medium,4,1,0,2.78,8.52,14.14,8.5,3.5793,11.43
development,high,6,2,1,2.64,5.33,11.94,5.98,2.4025,13.55
development,medium,5,0,1,1.73,6.9,11.12,6.74,2.4485,7.91
review,high,3,4,0,3.93,10.39,13.87,9.89,2.7483,10.92
review,high,7,1,0,2.79,4.88,10.41,5.45,1.6106,6.59
research,low,6,4,1,1.07,4.42,8.07,4.47,1.3635,5.3
testing,medium,7,5,0,4.86,9.74,13.83,9.61,2.2378,12.81
development,high,6,4,0,4.26,7.78,12.86,8.04,2.051,13.31
design,high,3,1,1,3.89,5.94,11.49,6.53,1.6047,12.69
design,low,6,5,1,4.48,5.65,15.51,7.1,3.3815,8.69
testing,low,3,4,1,4.63,8.07,11.08,8.0,1.1554,9.84
research,medium,2,3,0,2.35,7.25,12.64,7.33,2.9395,15.58
review,high,4,5,0,3.44,7.89,10.23,7.54,1.2805,7.86
research,low,7,5,0,3.44,5.37,9.52,5.74,1.0294,9.13
design,medium,4,0,0,2.07,5.77,13.23,6.4,3.4596,5.77
design,low,3,5,0,1.89,5.1,7.67,5.0,0.9303,6.09
research,low,4,4,1,1.46,4.1,10.33,4.7,2.1891,7.56
design,medium,3,1,0,3.64,9.01,13.76,8.91,2.8482,10.42
design,medium,5,1,1,4.12,6.98,8.45,6.75,0.5189,8.15
testing,medium,3,4,1,4.04,8.28,17.68,9.14,5.1669,12.92
research,low,4,1,1,2.27,8.8,13.53,8.5,3.523,10.45
deployment,high,3,2,0,1.82,6.06,14.11,6.69,4.1963,12.85
design,low,3,4,0,2.81,7.52,12.26,7.52,2.4801,8.1
research,high,7,3,1,3.19,4.63,14.06,5.96,3.2856,12.81
research,low,3,5,0,4.68,6.75,10.36,7.0,0.8971,12.08
deployment,high,1,0,1,4.5,6.1,10.82,6.62,1.108,11.74
research,medium,3,1,0,4.66,10.25,18.08,10.63,5.0017,18.6
development,medium,4,5,0,4.4,10.42,14.51,10.1,2.8384,17.7
research,low,1,3,1,4.86,6.98,11.26,7.34,1.137,10.63
development,high,3,1,1,2.86,5.18,15.13,6.45,4.1814,13.03
deployment,low,2,1,0,1.19,4.13,10.13,4.64,2.22,4.82
review,medium,4,2,1,1.33,5.88,13.09,6.32,3.8357,7.38
deployment,high,6,3,0,2.56,7.29,14.08,7.64,3.6876,14.23
review,high,7,1,1,2.03,7.15,15.6,7.71,5.1165,10.23
review,high,3,3,1,1.68,8.11,16.87,8.5,6.4073,11.9
review,low,7,2,1,4.81,7.58,13.65,8.13,2.1705,6.96
deployment,high,2,3,1,1.78,6.73,10.39,6.52,2.0561,15.13
deployment,high,6,0,0,4.84,9.2,10.4,8.67,0.8598,13.47
design,low,4,3,1,4.04,6.88,13.41,7.49,2.436,8.9
deployment,low,6,5,0,3.56,10.01,18.44,10.34,6.1452,11.92
review,high,6,0,0,3.7,5.28,10.33,5.86,1.2202,5.98
development,low,4,1,0,2.33,7.6,10.08,7.13,1.6703,6.84
review,medium,2,4,0,3.59,8.95,12.55,8.66,2.23,7.69
research,low,4,3,1,1.75,8.24,13.83,8.09,4.0548,14.64
research,low,6,4,0,4.75,8.86,17.39,9.6,4.4392,13.42
research,high,7,3,0,2.21,5.14,7.68,5.07,0.8328,11.52
testing,low,7,4,0,2.02,7.99,14.5,8.08,4.3235,5.89
deployment,high,2,3,1,3.84,9.47,17.25,9.83,4.9916,21.33
testing,high,5,0,1,3.63,7.63,17.05,8.53,5.0074,12.38
deployment,low,1,4,1,2.81,8.41,10.46,7.82,1.6288,10.04
review,low,5,2,0,3.53,6.14,15.47,7.26,3.9633,5.53
development,high,7,0,0,1.64,6.18,12.59,6.49,3.3308,10.41
development,medium,1,2,1,3.69,9.88,17.78,10.17,5.5158,12.66
design,low,5,2,1,2.08,4.99,6.47,4.75,0.5358,6.14
design,high,7,0,1,2.09,5.99,11.55,6.27,2.4841,10.96
testing,low,6,5,1,1.65,8.35,14.96,8.34,4.921,9.37
testing,low,3,1,1,2.33,8.12,11.88,7.78,2.5338,6.85
design,high,1,1,1,2.33,8.65,13.53,8.41,3.4889,12.86
testing,low,7,2,0,2.82,6.13,12.12,6.57,2.4026,5.97
review,medium,7,4,0,1.76,8.74,14.71,8.57,4.6598,9.56
development,high,5,4,0,1.77,3.69,5.06,3.6,0.3011,7.43
testing,medium,7,4,0,3.17,7.28,12.23,7.42,2.2841,7.29
testing,medium,1,1,0,1.52,5.39,8.32,5.23,1.2844,5.34
review,medium,5,5,1,3.76,9.55,18.8,10.12,6.2841,11.58
testing,low,1,4,0,4.78,11.23,21.02,11.78,7.3269,12.41
deployment,medium,7,2,0,2.71,8.09,11.79,7.81,2.292,10.48
development,high,5,3,0,4.6,9.37,11.94,9.0,1.4956,12.25
testing,low,7,0,0,1.39,4.96,7.93,4.86,1.1881,4.14
testing,high,4,4,0,1.17,5.23,10.53,5.44,2.4345,7.53
development,medium,1,5,0,3.89,7.94,16.81,8.74,4.6414,11.72
deployment,medium,1,2,1,4.04,5.17,10.67,5.9,1.2183,8.42
development,low,3,3,1,4.37,8.39,9.89,7.97,0.8454,11.66
development,medium,6,2,0,1.23,7.36,8.72,6.57,1.5603,7.55
deployment,low,2,0,1,4.11,9.36,12.41,9.0,1.9146,10.82
research,low,6,3,1,2.51,8.28,16.87,8.75,5.7274,14.82
deployment,high,2,4,1,2.21,5.56,12.15,6.1,2.7425,13.13
research,low,4,5,0,1.69,5.87,11.93,6.18,2.913,8.4
research,medium,2,5,1,4.98,6.18,10.06,6.63,0.7145,12.04
testing,medium,4,2,0,1.25,4.55,13.92,5.56,4.4541,6.41
deployment,low,4,5,0,4.31,8.15,12.14,8.18,1.7018,8.48
development,low,1,3,0,3.56,6.09,14.6,7.09,3.3891,9.58
testing,medium,4,3,1,3.94,5.13,14.19,6.44,2.9187,7.96
review,medium,6,3,0,3.85,8.99,14.34,9.02,3.0581,8.22
research,high,7,5,0,4.43,8.04,17.09,8.95,4.4515,17.53
research,high,3,4,0,1.74,5.23,8.72,5.23,1.3554,11.68
testing,low,7,0,0,1.0,3.5,10.43,4.24,2.4679,3.63
review,low,7,0,1,3.39,7.62,9.41,7.22,1.0062,4.89
development,low,7,2,0,2.42,6.04,11.31,6.32,2.1971,7.75
deployment,medium,3,3,0,1.5,5.34,8.3,5.19,1.2844,6.93
review,low,6,4,0,1.74,6.23,7.79,5.74,1.0168,4.38
review,low,4,2,0,2.33,3.36,4.4,3.36,0.1192,2.73
deployment,high,1,3,0,1.28,7.73,11.65,7.31,2.9865,10.17
review,high,2,5,1,1.23,2.65,8.96,3.47,1.6608,5.57
design,high,5,2,0,4.66,8.37,13.47,8.6,2.1524,16.33
development,low,2,2,0,2.25,4.49,8.21,4.74,0.9868,6.33
development,medium,4,3,1,4.93,9.07,18.99,10.03,5.4939,17.24
deployment,medium,6,2,1,4.86,7.54,16.99,8.67,4.0919,12.23
design,low,2,5,0,1.57,7.73,9.86,7.06,1.9094,7.73
development,medium,4,5,0,3.86,7.24,11.97,7.46,1.8289,11.31
review,medium,2,3,0,3.4,8.24,15.08,8.57,3.7844,8.31
deployment,medium,4,2,1,3.76,6.26,13.86,7.11,2.8306,9.5
review,high,2,3,0,1.38,2.5,6.8,3.03,0.8141,4.05
research,high,7,1,0,1.75,5.18,12.9,5.89,3.4481,14.19
research,medium,1,2,1,1.31,5.53,7.64,5.18,1.1152,9.11
design,high,7,1,0,3.42,7.17,11.16,7.21,1.6656,9.73
research,high,6,0,0,4.95,11.72,19.17,11.83,5.6169,19.35
review,medium,6,0,1,3.69,8.93,15.56,9.16,3.9152,9.08
review,low,6,3,0,3.84,10.82,19.35,11.08,6.6813,8.61
design,high,2,0,1,4.94,7.71,9.13,7.48,0.4882,13.7
review,high,7,3,1,3.71,9.45,12.02,8.92,1.9154,12.06
deployment,high,5,2,0,1.16,5.49,6.93,5.01,0.9247,9.27
review,low,7,2,1,4.47,9.14,11.87,8.81,1.5209,7.46
design,medium,7,4,1,2.46,9.37,10.41,8.39,1.7572,11.81
review,high,5,3,1,1.02,5.94,11.48,6.04,3.0403,8.29
research,medium,3,4,0,3.03,9.42,15.18,9.32,4.0991,13.78
deployment,high,1,4,0,4.75,10.1,17.02,10.36,4.1858,23.15
design,low,1,0,0,2.03,3.79,8.26,4.24,1.0776,3.93
research,low,3,1,1,2.97,8.16,9.19,7.47,1.0765,11.42
research,high,6,3,0,1.7,5.6,12.67,6.13,3.3434,12.6
development,medium,4,5,1,1.23,7.74,9.23,6.91,1.7784,11.1
deployment,medium,4,0,1,1.32,7.16,15.96,7.66,5.9508,9.89
testing,medium,2,0,1,3.91,5.53,6.74,5.46,0.2223,6.63
review,medium,4,5,0,4.46,6.26,12.03,6.92,1.5951,6.56
testing,high,5,5,0,1.57,2.99,12.05,4.26,3.0461,6.24
deployment,low,7,1,1,2.15,6.11,12.27,6.48,2.8403,7.77
research,high,6,2,0,1.78,3.26,9.74,4.1,1.7602,8.94
deployment,high,5,3,0,1.11,6.45,13.58,6.75,4.324,14.03
research,medium,7,1,1,3.21,7.53,9.63,7.16,1.1434,12.53
research,medium,3,1,1,3.8,9.81,16.89,9.99,4.7594,17.98
design,low,7,2,1,3.59,6.27,15.19,7.31,3.739,9.27
development,high,3,3,1,2.55,6.67,16.44,7.61,5.3537,15.02
deployment,medium,1,1,0,3.22,4.92,9.91,5.47,1.2441,5.97
review,low,3,2,0,1.38,7.68,11.78,7.32,3.0092,4.88
design,medium,1,1,0,1.62,3.67,11.45,4.62,2.684,4.63
design,high,1,4,0,4.73,6.34,12.23,7.05,1.5625,13.57
review,low,7,0,1,4.05,6.28,9.59,6.46,0.8544,5.2
review,low,6,1,0,4.69,10.53,13.08,9.98,1.9538,7.18
development,high,2,1,1,4.67,6.3,8.83,6.45,0.4823,9.74
development,low,6,5,1,3.6,8.28,13.42,8.36,2.6782,15.39
design,high,1,5,1,4.71,10.19,12.72,9.7,1.7814,18.85
review,high,2,3,0,2.67,8.17,9.35,7.45,1.241,11.15
design,high,5,0,0,1.01,3.15,4.62,3.04,0.3618,3.86
review,high,3,4,1,1.25,2.62,11.99,3.95,3.2033,5.41
testing,low,6,2,1,1.44,5.13,6.79,4.79,0.7949,3.82
testing,low,7,5,0,1.38,3.6,5.25,3.5,0.4168,3.66
deployment,medium,1,2,0,2.41,7.6,12.66,7.58,2.922,8.53
review,medium,1,5,1,3.81,6.95,10.15,6.96,1.1187,7.14
deployment,high,7,4,1,4.16,7.86,17.52,8.85,4.9583,16.36
deployment,high,4,1,0,3.36,5.04,14.24,6.29,3.288,11.06
research,medium,4,4,0,1.59,5.99,10.63,6.03,2.2741,10.85
deployment,high,4,1,1,3.99,6.1,11.14,6.59,1.4208,14.6
review,medium,4,2,1,2.42,7.49,11.87,7.38,2.4806,6.95
testing,medium,5,1,1,1.05,2.48,3.82,2.46,0.2128,2.89
development,medium,5,4,0,2.12,8.98,12.61,8.44,3.0572,11.03
review,medium,2,1,0,2.32,7.43,9.53,6.93,1.4445,5.63
design,low,5,3,1,2.1,4.19,6.11,4.16,0.4471,4.88
research,high,5,3,1,4.25,5.33,11.38,6.16,1.4131,16.11
research,medium,1,4,1,4.04,7.05,8.94,6.86,0.6658,13.4
design,high,3,5,0,3.78,5.7,7.63,5.7,0.4103,11.44
deployment,medium,6,0,0,1.56,3.87,9.19,4.37,1.6193,4.6
design,high,5,5,0,4.23,10.47,15.45,10.26,3.4951,20.94
deployment,high,1,0,0,3.71,8.33,10.57,7.93,1.3064,12.26
design,medium,1,3,1,1.78,3.84,4.88,3.67,0.2667,5.16
testing,medium,5,2,0,3.59,7.93,10.67,7.67,1.3911,7.44
review,low,4,3,1,2.93,5.47,8.59,5.57,0.8892,4.73
deployment,high,7,4,1,2.76,9.61,17.82,9.84,6.2996,24.75
testing,high,4,5,1,1.45,2.65,11.88,3.99,3.025,7.57
research,high,7,2,1,3.07,8.47,13.12,8.34,2.8042,19.68
deployment,high,2,5,0,1.4,7.04,11.68,6.87,2.9374,12.99
development,high,4,1,1,1.66,3.06,10.47,4.06,2.1586,10.3
deployment,high,1,1,0,1.53,3.56,10.2,4.33,2.0897,7.98
deployment,medium,5,2,0,4.82,8.12,10.78,8.01,0.9877,9.41
testing,low,2,3,0,2.14,8.35,10.32,7.64,1.8578,6.9
deployment,low,4,4,0,2.42,6.64,11.58,6.76,2.331,7.76
research,low,3,4,1,2.29,7.22,13.3,7.41,3.3705,12.35
deployment,medium,2,1,0,4.59,10.29,12.54,9.72,1.7541,10.91
deployment,high,1,1,0,3.25,9.22,12.86,8.83,2.5644,15.03
review,medium,4,5,0,4.68,8.53,12.29,8.52,1.6092,9.75
development,low,7,2,0,2.2,6.25,9.6,6.14,1.5229,6.23
deployment,low,2,1,1,1.46,6.77,11.91,6.74,3.0362,7.06
testing,high,3,5,0,3.22,5.8,12.68,6.52,2.4846,9.95
review,high,2,2,1,2.38,8.51,14.09,8.42,3.8099,11.0
development,medium,6,5,0,4.21,5.33,8.15,5.61,0.4307,10.52
development,high,3,5,1,4.52,6.69,8.62,6.65,0.4672,12.93
design,high,7,5,0,2.89,8.69,17.09,9.12,5.5996,18.54
research,high,2,3,0,4.89,7.93,13.24,8.31,1.9392,17.58
design,high,1,4,0,3.21,5.11,6.67,5.05,0.3322,8.75
design,medium,5,5,1,2.08,4.2,7.53,4.4,0.8231,5.95
research,medium,5,1,1,2.96,7.14,15.38,7.82,4.2855,14.25
review,medium,7,0,0,1.15,7.23,14.99,7.51,5.3227,6.3
testing,low,7,1,1,4.22,5.64,14.52,6.88,2.9505,7.57
deployment,medium,7,3,1,1.41,2.59,9.01,3.46,1.6052,5.15
testing,medium,5,3,0,2.23,6.03,10.83,6.2,2.0531,6.67
design,medium,3,0,0,3.26,10.0,14.84,9.68,3.7229,10.83
deployment,medium,4,3,1,1.17,3.85,6.59,3.86,0.816,6.39
development,medium,1,1,1,1.32,8.07,14.93,8.09,5.147,10.41
review,medium,4,3,1,3.78,10.11,16.38,10.1,4.4042,11.47
research,low,3,3,0,1.29,3.99,6.38,3.94,0.7204,5.37
research,medium,1,3,0,2.91,8.81,17.78,9.32,6.1443,13.42
testing,medium,2,2,0,2.35,7.47,11.79,7.34,2.4709,6.07
deployment,high,4,2,0,1.91,5.98,7.43,5.55,0.846,9.34
review,medium,3,4,1,1.76,5.29,9.24,5.36,1.5577,6.78
testing,medium,7,4,0,4.05,9.95,18.78,10.44,6.0203,13.89
design,low,4,4,0,4.81,10.56,19.82,11.15,6.2592,12.95
testing,low,7,2,0,1.56,7.1,12.52,7.08,3.3338,7.52
review,medium,5,2,0,4.84,11.83,21.44,12.26,7.6513,10.75
research,medium,1,1,1,3.38,7.25,16.13,8.08,4.5144,14.97
design,medium,2,3,0,3.57,9.41,17.84,9.84,5.6554,11.88
deployment,medium,5,0,1,3.84,10.01,18.75,10.44,6.1771,13.1
research,high,4,2,0,3.82,6.09,10.52,6.45,1.2494,12.5
research,low,3,1,0,4.28,5.53,13.34,6.62,2.2804,6.57
testing,low,4,3,0,2.93,6.36,12.56,6.82,2.5731,7.15
design,low,7,5,1,3.13,9.27,16.75,9.5,5.1511,11.95
development,low,3,5,0,2.3,5.03,7.63,5.01,0.7905,6.12
research,high,1,2,0,1.42,6.62,14.2,7.02,4.5388,12.87
research,low,3,0,1,3.66,4.7,14.32,6.13,3.158,8.22
review,medium,7,1,1,1.13,4.27,7.99,4.37,1.3057,4.96
design,low,6,0,0,2.1,6.8,16.67,7.66,5.8956,8.66
design,high,6,4,1,1.38,3.16,7.56,3.59,1.0622,6.14
testing,high,7,5,1,1.76,8.14,10.94,7.55,2.3394,13.42
review,low,1,3,0,3.55,5.49,7.5,5.5,0.433,3.86
design,low,2,1,1,3.51,9.97,18.04,10.24,5.8592,12.7
deployment,low,1,0,0,2.68,4.98,10.98,5.6,1.9098,5.63
review,medium,1,5,0,1.36,8.33,12.09,7.79,3.198,7.3
design,high,6,1,1,2.73,7.36,13.84,7.67,3.4253,13.85
design,medium,7,0,0,2.41,3.92,7.91,4.33,0.8387,4.54
testing,high,2,1,1,3.88,5.27,10.31,5.88,1.1474,10.58
deployment,medium,6,1,1,3.32,4.77,13.53,5.98,2.8977,8.77
deployment,low,4,3,0,2.97,7.51,14.52,7.92,3.7075,9.5
testing,medium,1,5,0,2.95,8.81,16.67,9.14,5.2282,7.96
development,low,7,1,0,4.87,8.28,14.53,8.76,2.597,9.7
research,high,7,4,1,4.03,7.69,17.62,8.74,5.1314,26.43
testing,low,4,0,0,2.99,7.52,10.7,7.3,1.6505,6.67
development,medium,5,0,0,2.92,7.12,10.48,6.98,1.5871,7.11
testing,medium,3,0,1,1.11,6.23,8.07,5.69,1.3461,6.02
design,low,6,5,1,4.77,8.6,14.59,8.96,2.677,10.6
development,medium,4,3,1,2.28,7.56,14.08,7.77,3.87,15.03
review,medium,7,4,0,2.02,9.01,16.54,9.1,5.8544,8.95
research,low,1,0,1,5.0,8.1,12.12,8.25,1.4085,10.43
deployment,low,2,0,1,3.87,4.95,6.06,4.95,0.1324,5.59
deployment,low,7,5,1,1.19,2.94,9.63,3.77,1.9805,3.91
review,low,3,0,0,1.25,5.57,15.56,6.51,5.6877,3.95
design,medium,3,0,1,1.1,4.17,7.82,4.27,1.2531,5.42
testing,low,6,3,0,3.4,10.04,12.69,9.37,2.4001,9.44
research,high,2,3,1,1.29,6.05,9.59,5.85,1.9139,11.78
design,low,4,1,0,4.73,8.86,13.68,8.97,2.2255,8.47
research,medium,3,2,0,4.75,10.54,13.79,10.11,2.2733,17.15
deployment,high,2,4,1,3.18,5.74,9.86,6.0,1.2374,10.98
development,medium,7,2,1,3.47,9.38,16.13,9.52,4.4537,15.4
deployment,high,2,2,1,2.17,3.19,7.29,3.7,0.7292,7.32
research,low,1,0,0,1.26,5.97,10.54,5.95,2.3935,8.29
design,low,5,2,1,3.95,10.56,11.92,9.68,1.7639,11.19
design,low,7,4,0,1.41,7.13,16.4,7.72,6.2405,8.52
review,low,1,3,1,1.34,7.46,12.13,7.22,3.2303,7.05
research,low,5,5,1,2.24,5.63,9.58,5.72,1.4945,8.49
design,low,4,0,1,1.05,7.0,8.77,6.3,1.6571,6.63
review,high,6,0,1,2.74,7.04,13.75,7.44,3.3688,8.82
design,low,1,3,1,3.83,8.54,17.32,9.22,5.0518,11.24
review,high,7,1,1,4.21,5.56,6.93,5.56,0.2061,7.87
review,high,5,3,0,3.42,5.63,7.93,5.64,0.5667,7.4
design,high,6,5,0,4.39,8.69,11.01,8.36,1.2186,14.36
deployment,low,3,2,0,2.63,3.98,10.4,4.82,1.6784,5.26
research,high,7,3,1,4.4,9.84,19.13,10.48,6.035,28.7
research,medium,5,4,1,3.03,9.07,14.01,8.88,3.3491,15.73
design,high,1,0,0,1.89,8.41,12.51,8.01,3.1308,12.07
development,medium,7,5,0,4.78,6.39,14.28,7.43,2.5086,11.39
development,high,6,1,0,2.1,8.74,16.42,8.91,5.6973,15.69
testing,medium,3,4,0,1.1,2.51,5.73,2.81,0.5946,2.68
design,low,4,3,0,1.97,5.82,8.26,5.58,1.0996,6.85
research,medium,3,0,1,2.47,8.51,12.73,8.2,2.9251,12.19
deployment,low,4,4,1,2.41,3.83,11.81,4.92,2.4556,7.32
deployment,high,7,1,0,3.1,4.21,11.46,5.23,1.9437,8.0
development,low,7,3,0,4.53,5.68,12.67,6.66,1.8416,7.62
design,low,2,5,1,2.17,6.24,14.7,6.97,4.3629,10.5
research,medium,7,5,1,3.08,8.95,12.45,8.56,2.4356,18.67
development,medium,4,5,1,2.36,4.13,8.18,4.51,0.9415,8.27
review,low,5,2,0,4.29,6.03,7.42,5.97,0.2719,4.81
research,high,6,3,0,1.63,6.04,14.86,6.78,4.862,14.3
design,high,4,1,0,1.41,3.82,10.06,4.46,2.0773,6.95
design,high,4,5,1,3.01,8.39,12.08,8.11,2.2823,16.17
design,medium,4,2,1,3.69,10.39,12.01,9.54,1.924,14.47
design,medium,7,4,1,4.18,9.78,17.29,10.1,4.772,14.26
design,medium,3,2,0,3.36,9.62,17.36,9.87,5.4458,13.71
deployment,medium,2,4,0,4.1,8.21,15.21,8.69,3.4306,11.62
review,low,3,1,1,2.57,8.56,11.4,8.04,2.1648,6.61
research,low,2,4,1,1.13,3.23,12.45,4.42,3.5572,7.8
deployment,low,3,0,1,1.46,2.87,10.65,3.94,2.3452,4.43
research,medium,1,0,0,1.15,6.09,13.01,6.42,3.9043,8.72
development,low,1,2,0,2.32,3.63,10.49,4.55,1.8542,5.3
development,low,6,2,0,2.98,9.34,18.48,9.8,6.6685,12.48
research,high,1,4,1,2.43,7.57,16.93,8.28,5.8436,20.15
development,medium,4,2,1,3.24,9.96,16.32,9.9,4.748,15.45
design,medium,6,0,1,2.92,5.81,10.56,6.12,1.6186,7.75
deployment,medium,6,1,0,3.71,7.63,11.9,7.69,1.8635,10.09
deployment,high,4,2,1,3.67,9.12,17.49,9.6,5.3068,18.67
research,high,2,3,0,2.27,4.73,11.53,5.45,2.3809,14.0
research,low,7,3,1,2.38,6.64,8.33,6.21,0.9822,9.62
design,high,6,1,1,3.34,8.3,10.58,7.85,1.4546,13.74
deployment,medium,5,3,1,3.39,10.26,19.36,10.63,7.0885,15.89
research,high,1,3,1,2.26,7.73,16.69,8.31,5.783,18.03
deployment,medium,1,4,1,2.32,4.03,13.6,5.34,3.5314,7.6
deployment,low,3,3,0,3.78,7.63,12.48,7.79,2.1038,8.3
research,high,2,4,0,3.59,8.12,16.18,8.71,4.4024,22.0
testing,low,7,1,1,1.54,3.42,11.87,4.52,2.9663,4.39
design,high,2,4,1,2.76,6.36,10.2,6.4,1.5347,12.48
testing,low,2,0,0,4.57,7.27,9.58,7.21,0.6978,6.54
development,low,7,0,1,1.15,2.86,12.83,4.23,3.7935,5.98
design,medium,6,5,0,4.42,8.49,9.76,8.03,0.7934,12.42
design,high,2,2,1,1.65,3.65,10.02,4.38,1.9459,7.52
deployment,medium,3,3,0,3.03,7.57,14.42,7.96,3.6069,10.0
review,low,4,3,1,2.7,4.72,11.85,5.57,2.3278,5.92
review,low,5,4,0,1.04,6.38,9.68,6.04,2.0747,5.05
deployment,high,7,1,0,4.66,6.83,14.33,7.72,2.5951,12.25
review,high,7,1,1,2.82,9.2,12.15,8.63,2.4156,12.06
review,low,7,0,1,4.82,5.97,14.44,7.19,2.5699,6.19
design,medium,1,5,0,2.15,6.28,9.25,6.09,1.4019,7.89
research,low,2,1,1,4.47,7.39,14.66,8.11,2.8849,11.91
testing,low,4,3,0,4.69,7.04,15.09,7.99,3.0051,8.11
design,high,1,2,0,3.23,7.06,9.76,6.87,1.1845,9.92
deployment,medium,3,0,0,1.81,7.86,11.0,7.38,2.348,8.49
deployment,low,2,2,0,3.74,10.23,18.24,10.49,5.8432,10.02
design,medium,7,0,1,3.2,6.02,7.79,5.84,0.5861,6.66
development,medium,1,1,1,4.78,6.7,9.42,6.84,0.5986,9.74
design,low,2,0,0,2.76,8.08,13.18,8.04,3.0164,7.88
development,medium,2,4,0,2.07,6.57,15.94,7.38,5.3389,10.71
design,low,2,3,1,1.55,3.76,9.82,4.4,1.8966,5.09
deployment,low,4,5,1,3.79,9.36,13.85,9.18,2.8061,12.96
review,high,3,2,0,4.9,9.01,18.82,9.96,5.3816,10.47
research,high,7,1,0,1.11,6.03,11.21,6.08,2.8301,12.57
deployment,low,2,3,0,3.96,7.12,12.02,7.41,1.8044,9.27
review,high,4,5,0,4.71,8.34,13.05,8.52,1.9318,11.41
review,medium,5,3,1,1.3,3.38,7.19,3.67,0.9642,3.8
design,high,5,0,1,1.44,6.98,10.91,6.71,2.4913,11.89
design,high,6,1,1,3.77,5.71,12.9,6.58,2.3168,9.41
review,medium,2,5,1,3.59,9.26,10.63,8.54,1.3757,10.35
design,medium,4,3,0,1.28,7.06,14.2,7.29,4.64,12.08
design,medium,6,5,1,4.34,9.82,12.63,9.37,1.9092,14.64
development,high,7,3,1,3.09,4.21,8.67,4.77,0.8632,10.51
research,low,5,0,1,4.63,7.27,9.59,7.21,0.6827,10.61
testing,low,5,5,0,4.51,8.32,14.3,8.68,2.6595,10.21
deployment,low,7,4,1,4.25,8.82,16.39,9.32,4.0921,13.8
testing,low,5,4,0,3.06,9.58,13.77,9.19,3.1846,6.99
development,low,7,5,1,2.01,5.26,7.73,5.13,0.9102,8.28
testing,low,1,1,1,3.02,9.27,12.31,8.74,2.3967,10.71
design,high,3,5,1,1.4,3.38,11.75,4.45,2.9719,10.09
deployment,low,1,1,1,3.64,6.86,10.27,6.89,1.2234,7.2
development,high,1,5,1,1.54,2.85,10.82,3.96,2.3953,9.88
testing,low,4,1,0,3.04,8.5,12.48,8.25,2.4731,6.1
research,high,2,3,1,1.22,3.12,5.82,3.25,0.5884,8.73
review,low,3,4,1,2.2,4.74,12.29,5.57,2.8268,4.73
testing,medium,4,0,0,1.93,7.58,12.8,7.51,3.2811,7.18
review,low,5,0,0,3.48,7.69,8.97,7.2,0.8372,4.48
deployment,medium,7,5,0,4.15,5.23,14.87,6.66,3.1942,9.05
development,medium,6,0,1,1.23,2.24,4.57,2.46,0.3105,4.07
review,medium,3,3,1,4.4,8.47,12.65,8.48,1.8882,9.07
research,medium,3,5,1,4.44,7.27,11.74,7.55,1.4774,14.34
review,medium,6,3,1,2.37,4.45,9.86,5.0,1.557,4.69
testing,high,1,2,1,3.64,8.32,16.39,8.88,4.516,11.71
design,medium,4,2,1,2.61,4.98,6.04,4.76,0.3259,5.8
development,medium,3,3,0,1.62,6.17,15.56,6.98,5.4021,10.14
research,low,2,3,0,3.11,6.39,13.2,6.98,2.8277,10.49
review,medium,5,3,0,1.35,3.47,13.02,4.71,3.7871,4.09
development,low,3,0,1,4.51,6.34,14.7,7.43,2.8816,10.51
testing,low,2,3,0,4.7,7.12,16.47,8.27,3.8493,7.13
review,high,5,4,0,4.29,5.47,11.87,6.34,1.5994,8.02
review,low,2,4,0,3.25,6.1,10.31,6.33,1.3863,4.61
deployment,medium,5,0,1,3.23,9.64,14.63,9.4,3.6087,13.67
development,high,2,4,1,4.94,10.93,17.85,11.08,4.63,26.77
review,high,4,4,1,1.99,5.22,10.07,5.49,1.811,6.74
testing,low,6,1,0,1.3,5.76,13.34,6.28,4.0267,5.14
research,low,2,5,1,3.25,7.65,9.48,7.22,1.0784,13.92
design,medium,6,3,1,2.32,8.29,16.76,8.7,5.7939,10.83
design,medium,6,2,1,2.29,4.71,7.54,4.78,0.7672,7.02
testing,high,7,4,0,1.03,3.81,13.3,4.93,4.1847,8.51
review,low,2,3,0,3.38,6.2,8.6,6.13,0.7542,4.83
deployment,low,6,3,1,2.06,3.3,5.46,3.45,0.3226,4.71
testing,low,7,1,0,1.75,4.64,12.95,5.54,3.4813,5.53
research,high,6,5,1,1.16,7.43,15.8,7.78,5.9502,23.7
testing,low,2,5,1,2.46,8.93,16.58,9.13,5.5388,10.53
design,medium,6,0,0,4.52,6.17,15.82,7.5,3.5486,7.82
design,low,1,4,1,2.35,6.1,9.53,6.04,1.4333,7.08
research,low,5,0,0,3.72,7.0,15.44,7.86,3.8207,10.27
design,high,4,2,1,4.03,7.96,12.13,8.0,1.8245,12.97
research,low,4,5,0,2.31,6.64,12.48,6.89,2.8701,9.99
development,low,4,1,0,4.29,5.41,10.42,6.06,1.0445,6.83
design,high,1,2,0,3.77,9.82,10.87,8.99,1.4027,13.94
development,medium,4,1,0,3.24,10.08,16.25,9.97,4.7032,13.45
review,low,7,4,1,1.0,5.92,13.65,6.39,4.4437,7.54
testing,medium,4,2,0,1.14,6.1,8.67,5.7,1.5766,5.89
deployment,high,2,3,0,4.96,9.13,18.52,10.0,5.1022,17.08
review,medium,7,5,0,4.13,7.13,12.91,7.6,2.141,8.37
testing,medium,1,3,0,4.75,6.64,9.25,6.76,0.562,7.57
review,medium,4,4,0,4.61,9.11,15.93,9.5,3.5582,10.43
research,medium,4,0,1,1.08,2.35,5.08,2.59,0.4438,4.25
testing,low,4,1,1,4.17,10.11,11.69,9.39,1.5703,8.92
design,high,7,5,0,2.8,6.33,13.5,6.94,3.1763,10.58
testing,high,3,5,1,4.16,7.65,9.64,7.4,0.8356,11.43
research,low,7,3,1,1.03,3.99,5.95,3.82,0.6721,4.91
development,high,1,2,0,2.15,8.97,16.63,9.11,5.8207,17.55
research,high,6,1,1,4.01,6.05,7.55,5.96,0.3493,11.33
review,high,5,5,0,4.17,6.08,14.37,7.14,2.8876,10.85
review,medium,2,4,0,3.48,5.47,13.64,6.5,2.8665,6.26
development,medium,2,1,0,2.21,7.16,9.43,6.71,1.4495,8.59
research,high,6,3,0,2.24,9.19,14.86,8.98,4.4218,17.87
design,low,5,3,1,4.87,7.28,9.15,7.19,0.5094,9.44
development,high,5,2,1,2.76,9.19,15.88,9.23,4.7865,18.13
testing,high,1,5,0,2.79,5.46,7.03,5.28,0.4989,7.62
testing,high,5,0,1,3.21,8.1,17.6,8.87,5.7502,14.63
testing,medium,7,1,1,2.64,3.88,6.75,4.15,0.4698,4.93
design,medium,1,0,1,3.21,7.18,14.33,7.71,3.4348,9.53
development,low,4,4,1,2.73,7.66,9.81,7.19,1.3932,11.23
design,high,4,3,1,4.31,8.52,11.41,8.3,1.402,16.32
review,medium,7,5,0,4.64,7.06,12.12,7.5,1.5565,7.79
testing,low,2,3,1,4.73,10.7,16.86,10.73,4.0864,10.52
review,high,4,0,1,3.26,10.08,20.07,10.61,7.8499,15.9
review,medium,6,2,1,2.77,6.52,7.76,6.1,0.6913,5.82
deployment,medium,1,0,1,3.82,8.64,9.64,8.0,0.9404,12.23
review,low,6,4,0,4.35,10.1,14.25,9.83,2.7202,7.87
review,high,6,4,0,3.25,5.7,10.0,6.01,1.2635,8.42
review,medium,6,5,0,3.8,9.99,18.94,10.45,6.3683,11.22
review,high,5,2,0,4.0,6.68,15.89,7.77,3.9299,10.29
review,high,6,1,1,3.71,9.36,18.29,9.91,5.9047,11.83
development,low,6,0,1,3.98,5.66,7.95,5.76,0.4359,7.79
development,low,7,2,1,1.83,4.56,9.27,4.89,1.5373,7.79
deployment,high,3,2,1,2.99,7.2,14.91,7.78,3.9433,14.88
testing,medium,4,4,1,3.35,7.5,11.32,7.45,1.7614,9.8
review,medium,5,4,1,1.01,7.11,14.08,7.26,4.7464,7.59
development,low,2,0,1,4.42,11.4,14.53,10.76,2.8398,12.69
testing,medium,6,1,1,3.44,5.08,8.99,5.46,0.8569,7.34
review,high,6,3,1,1.52,4.14,12.89,5.16,3.5924,6.64
review,low,5,2,0,4.27,7.41,10.67,7.43,1.1378,5.03
review,medium,3,0,1,3.87,7.74,17.42,8.71,5.1019,9.3
testing,high,3,5,1,4.03,8.0,11.75,7.96,1.6554,15.6
research,low,4,4,1,2.57,8.71,9.92,7.88,1.5002,14.88
review,low,5,3,0,4.42,10.04,13.33,9.65,2.2089,7.21
